ID,GX,GY,Species,Tag,PrevStatus,PrevIDqual,PrevHt,Cell,PrevComments,StandID,Plot,PrevYear
616100001,70,69,BENE,10102,1,S,80,H4,,BURNED,616,2023
639100002,29,68,SYMO,10122,2,S,294,C4,Not new already tagged ,BURNED,639,2023
612100003,59,66,CESA,10152,1,S,46,F4,,BURNED,612,2023
606100004,79,22,CEVE,10176,6,S,,H8,,BURNED,606,2023
634100005,59,93,BENE,10183,1,S,44,F1,,BURNED,634,2023
623100006,10,81,BENE,10190,1,S,28,B2,,BURNED,623,2023
669100007,94,85,BENE,10301,1,S,34,J2,,BURNED,669,2023
669100008,18,76,BENE,10302,1,S,69,B3,,BURNED,669,2023
666100009,99,75,BENE,10304,1,S,99,J3,,BURNED,666,2023
669100010,26,67,BENE,10305,1,S,70,C4,,BURNED,669,2023
669100011,90,90,BENE,10307,1,S,78,J1,,BURNED,669,2023
668100012,64,27,BENE,10308,7,S,,G8,,BURNED,668,2023
671100013,91,82,BENE,10312,1,S,51,J2,,BURNED,671,2023
670100014,45,10,PSME,10313,6,S,,E9,,BURNED,670,2023
669100015,73,84,BENE,10315,6,S,,H2,,BURNED,669,2023
671100016,96,48,BENE,10319,1,S,33,J6,,BURNED,671,2023
671100017,86,44,BENE,10320,1,S,66,I6,Tag reattached,BURNED,671,2023
666100018,46,54,BENE,10325,1,S,69,E5,,BURNED,666,2023
666100019,53,40,BENE,10328,1,S,31,E6,,BURNED,666,2023
671100020,94,49,BENE,10330,1,S,78,J6,,BURNED,671,2023
668100021,96,35,CEIN,10346,1,S,62,J7,Sp conf CEIN 2023,BURNED,668,2023
670100022,49,85,BENE,10351,1,S,142,E2,,BURNED,670,2023
675100023,14,63,PSME,10354,1,S,150,B4,,BURNED,675,2023
670100024,55,11,PSME,10360,1,S,219,F9,,BURNED,670,2023
666100025,80,9,BENE,10361,1,S,55,J10,,BURNED,666,2023
669100026,91,97,BENE,10363,1,S,70,J1,,BURNED,669,2023
669100027,28,98,BENE,10364,1,S,98,C1,,BURNED,669,2023
668100028,66,27,BENE,10368,1,S,85,G8,,BURNED,668,2023
670100029,90,35,BENE,10377,1,S,61,J7,,BURNED,670,2023
671100030,38,92,BENE,10379,1,S,65,D1,,BURNED,671,2023
666100031,97,33,BENE,10383,1,S,59,J7,,BURNED,666,2023
671100032,32,10,BENE,10386,1,S,105,D9,,BURNED,671,2023
666100033,91,40,BENE,10388,1,S,41,J6,,BURNED,666,2023
666100034,38,92,BENE,10399,1,S,86,D1,,BURNED,666,2023
668100035,68,37,BENE,10400,1,S,50,G7,,BURNED,668,2023
622100036,25,38,CEVE,11204,1,S,73,C7,CEVE3 ,BURNED,622,2023
607100037,17,59,PSME,11213,2,S,41,B5,,BURNED,607,2023
607100038,24,77,PSME,11214,2,S,37,C3,,BURNED,607,2023
622100039,60,71,BENE,11217,2,S,69,G3,,BURNED,622,2023
622100040,88,1,PSME,11222,2,S,38,I10,,BURNED,622,2023
622100041,19,76,PSME,11225,2,S,48,B3,,BURNED,622,2023
667100042,80,49,PSME,11227,2,S,42,I6,,BURNED,667,2023
622100043,29,3,CEVE,11228,2,S,143,C10,,BURNED,622,2023
639100044,40,10,BENE,11233,2,S,25,E9,,BURNED,639,2023
622100045,28,42,ACMA,11234,2,S,70,C6,,BURNED,622,2023
607100046,52,77,PSME,11235,2,S,46,F3,,BURNED,607,2023
672100047,11,12,BENE,11239,2,S,1,B9,Stem buried,BURNED,672,2023
671100048,87,75,BENE,11241,2,S,35,I3,,BURNED,671,2023
623100049,30,5,PSME,11245,2,S,40,D10,,BURNED,623,2023
623100050,56,65,PSME,11249,2,S,66,F4,,BURNED,623,2023
623100051,86,85,PSME,11251,2,S,32,I2,,BURNED,623,2023
623100052,45,75,ACMA,11258,2,S,54,E3,,BURNED,623,2023
643100053,4,37,ARME,11260,2,S,65,A7,,BURNED,643,2023
623100054,32,40,PSME,11263,2,S,66,D6,,BURNED,623,2023
650100055,35,100,CEIN,11265,2,S,307,D1,,BURNED,650,2023
607100056,46,73,BENE,11267,2,S,30,E3,,BURNED,607,2023
663100057,27,9,BENE,11269,2,S,58,C9,,BURNED,663,2023
640100058,52,85,BENE,11274,2,S,116,F2,,BURNED,640,2023
623100059,17,20,PSME,11275,2,S,58,B8,,BURNED,623,2023
607100060,48,31,PSME,11277,2,S,42,E8,,BURNED,607,2023
623100061,32,22,BENE,11278,2,S,22,D8,,BURNED,623,2023
672100062,35,39,ARME,11281,2,S,28,D7,,BURNED,672,2023
672100063,39,23,ARME,11283,2,S,31,D8,,BURNED,672,2023
654100064,61,60,CEIN,11286,2,S,115,G4,,BURNED,654,2023
607100065,59,16,PSME,11288,2,S,44,F9,,BURNED,607,2023
623100066,23,32,BENE,11289,2,S,25,C7,,BURNED,623,2023
607100067,14,18,BENE,11293,2,S,38,B9,,BURNED,607,2023
654100068,68,68,CEIN,11299,2,S,100,G4,,BURNED,654,2023
654100069,65,71,CEIN,11300,2,S,51,G3,,BURNED,654,2023
636100070,36,42,VAPA,12301,1,S,249,D6,Multi,BURNED,636,2023
658100071,16,12,BENE,12305,1,S,33,B9,,BURNED,658,2023
623100072,40,38,BENE,12307,1,S,27,E7,,BURNED,623,2023
642100073,41,34,HODI,12311,1,S,381,E7,,BURNED,642,2023
606100074,29,8,BENE,12314,1,S,25,C9,,BURNED,606,2023
645100075,4,65,BENE,12315,1,S,30,A4,,BURNED,645,2023
606100076,83,47,CEVE,12323,6,S,,I6,,BURNED,606,2023
636100077,33,42,VAPA,12324,1,S,193,D6,Multi,BURNED,636,2023
651100078,76,40,BENE,12325,1,S,34,H7,,BURNED,651,2023
623100079,71,50,BENE,12326,1,S,36,H5,,BURNED,623,2023
614100080,52,31,TSHE,12328,6,S,,F7,,BURNED,614,2023
633100081,38,66,CEVE,12329,6,S,,D3,,BURNED,633,2023
639100082,27,68,SYMO,12330,2,S,120,C4,,BURNED,639,2023
657100083,55,90,AMAL,12332,1,S,351,F1,,BURNED,657,2023
640100084,96,4,BENE,12333,1,S,59,J10,,BURNED,640,2023
606100085,81,69,CEVE,12334,6,S,,I4,,BURNED,606,2023
609100086,55,4,PSME,12335,9,S,,F10,,BURNED,609,2023
623100087,4,65,BENE,12337,1,S,51,A4,,BURNED,623,2023
667100088,12,67,CESA,12339,1,S,158,B4,,BURNED,667,2023
657100089,54,91,AMAL,12340,1,S,426,F1,Herbivory ,BURNED,657,2023
607100090,33,72,BENE,12341,1,S,39,D4,,BURNED,607,2023
666100091,11,38,BENE,12344,1,S,20,B7,,BURNED,666,2023
623100092,68,78,BENE,12348,1,S,54,G3,,BURNED,623,2023
640100093,91,82,BENE,12350,1,S,72,J2,,BURNED,640,2023
666100094,4,100,ACMA,12354,1,S,77,A1,Tag changed from 12454,BURNED,666,2023
636100095,39,42,VAPA,12357,1,S,35,D6,Stress multi,BURNED,636,2023
622100096,28,58,CEVE,12358,1,S,65,C5,Tag replaced ,BURNED,622,2023
636100097,58,59,CEVE,12359,6,S,,F5,,BURNED,636,2023
623100098,8,95,BENE,12360,1,S,19,A1,,BURNED,623,2023
623100099,69,52,BENE,12361,1,S,38,G5,,BURNED,623,2023
624100100,61,9,BENE,12363,1,S,38,G1,Herbivory ,BURNED,624,2023
622100101,31,7,BENE,12365,1,S,48,D10,,BURNED,622,2023
675100102,45,9,BENE,12366,1,S,30,E10,,BURNED,675,2023
625100103,65,80,ACMA,12371,1,S,56,G2,,BURNED,625,2023
623100104,81,62,CEVE,12374,1,S,140,I6,PREV marked as BENE,BURNED,623,2023
609100105,50,51,BENE,12375,1,S,30,F5,,BURNED,609,2023
639100106,30,70,SYMO,12377,1,S,256,D3,,BURNED,639,2023
624100107,37,91,BENE,12379,1,S,34,D1,,BURNED,624,2023
623100108,33,2,BENE,12381,1,S,34,D10,,BURNED,623,2023
609100109,40,9,CESA,12383,6,S,,E10,,BURNED,609,2023
623100110,89,43,BENE,12387,1,S,63,I6,,BURNED,623,2023
606100111,86,72,CEVE,12388,9,S,,I3,,BURNED,606,2023
634100112,68,92,BENE,12389,1,S,17,G1,,BURNED,634,2023
609100113,5,9,BENE,12393,1,S,17,A10,,BURNED,609,2023
622100114,62,61,BENE,12394,1,S,62,G4,,BURNED,622,2023
623100115,29,19,BENE,12396,1,S,55,C9,,BURNED,623,2023
674100116,9,89,BENE,12397,6,S,,A2,,BURNED,674,2023
609100117,60,55,TSHE,12398,6,S,,G5,,BURNED,609,2023
616100118,55,39,TSHE,12401,2,S,27,F7,,BURNED,616,2023
615100119,75,91,TSHE,12402,2,S,12,H1,,BURNED,615,2023
615100120,81,41,TSHE,12405,2,S,13,I6,,BURNED,615,2023
619100121,71,97,BENE,12412,2,S,52,H1,,BURNED,619,2023
618100122,69,35,TSHE,12414,2,S,28,F7,,BURNED,618,2023
673100123,29,32,ACMA,12417,2,S,59,C7,,BURNED,673,2023
609100124,68,62,PSME,12418,2,S,34,G4,,BURNED,609,2023
615100125,56,10,TSHE,12420,2,S,25,F9,,BURNED,615,2023
666100126,30,4,BENE,12421,2,S,11,C10,,BURNED,666,2023
615100127,58,14,BENE,12422,2,S,30,F9,,BURNED,615,2023
609100128,28,15,PSME,12425,2,S,35,C9,,BURNED,609,2023
666100129,93,92,ACMA,12428,2,S,51,J1,,BURNED,666,2023
615100130,62,49,BENE,12429,2,S,39,G6,,BURNED,615,2023
609100131,39,59,PSME,12435,2,S,47,D5,,BURNED,609,2023
644100132,90,85,BENE,12437,2,S,80,J2,,BURNED,644,2023
666100133,52,40,BENE,12439,2,S,24,F6,,BURNED,666,2023
615100134,63,94,TSHE,12441,2,S,16,G1,,BURNED,615,2023
615100135,32,31,TSHE,12449,2,S,22,D7,,BURNED,615,2023
666100136,21,1,BENE,12451,2,S,5,C10,,BURNED,666,2023
644100137,85,55,BENE,12461,2,S,93,I5,,BURNED,644,2023
666100138,49,52,BENE,12465,2,S,49,E5,,BURNED,666,2023
609100139,50,53,BENE,12470,2,S,22,F5,,BURNED,609,2023
616100140,61,32,TSHE,12476,2,S,30,G7,,BURNED,616,2023
615100141,53,51,TSHE,12479,2,S,20,F5,,BURNED,615,2023
642100142,62,97,PSME,12481,2,S,72,G1,,BURNED,642,2023
624100143,72,92,ARME,12484,2,S,35,H1,,BURNED,624,2023
609100144,75,11,BENE,12491,2,S,21,H9,,BURNED,609,2023
645100145,28,95,BENE,12492,2,S,40,C1,,BURNED,645,2023
644100146,90,90,BENE,12496,2,S,30,J1,,BURNED,644,2023
619100147,75,37,PSME,12499,2,S,76,H7,,BURNED,619,2023
645100148,77,47,PSME,12500,1,S,139,H6,48733 tag lost,BURNED,645,2023
606100149,75,50,GASH,12718,1,S,39,H5,48874 tag replaced 2023,BURNED,606,2023
614100150,59,18,TSHE,12727,2,S,16,F9,,BURNED,614,2023
614100151,71,17,CHUM,12739,2,S,15,G9,ODD,BURNED,614,2023
610100152,91,93,PSME,12755,2,S,56,J1,,BURNED,610,2023
614100153,46,68,TSHE,12762,2,S,25,E4,,BURNED,614,2023
614100154,63,18,TSHE,12781,2,S,39,G9,,BURNED,614,2023
610100155,3,73,PSME,12790,2,S,25,A3,,BURNED,610,2023
666100156,80,50,BENE,35016,2,S,17,I5,,BURNED,666,2023
675100157,26,67,ARME,35018,2,S,48,C4,,BURNED,675,2023
601100158,60,65,ARME,35422,2,S,29,G4,,BURNED,601,2023
601100159,55,65,ARME,35473,2,S,28,F4,,BURNED,601,2023
601100160,64,55,ARME,35578,2,S,25,F4,,BURNED,601,2023
652100161,98,1,ARME,37638,2,S,63,J10,,BURNED,652,2023
606100162,84,73,CESA,37651,2,S,29,I3,,BURNED,606,2023
606100163,57,60,PSME,37655,2,S,40,F4,,BURNED,606,2023
654100164,97,38,BENE,37662,2,S,16,J7,,BURNED,654,2023
606100165,78,22,CEVE,37674,1,S,56,H8,47642 tag changed 2023,BURNED,606,2023
606100166,68,34,CESA,37820,2,S,32,G7,,BURNED,606,2023
646100167,50,1,PSME,38030,2,S,42,F10,,BURNED,646,2023
675100168,70,79,BENE,38565,2,S,55,H3,Might have been missed in previous years,BURNED,675,2023
606100169,81,74,CESA,43030,2,S,29,I3,,BURNED,606,2023
606100170,86,63,CESA,43174,2,S,35,I6,,BURNED,606,2023
675100171,49,83,ARME,45184,2,S,91,E3,,BURNED,675,2023
601100172,55,60,ARME,45362,2,S,31,F4,,BURNED,601,2023
601100173,45,90,CEVE,45384,2,S,89,E1,,BURNED,601,2023
640100174,84,30,BENE,45512,2,S,56,I8,,BURNED,640,2023
611100175,18,9,TSHE,45668,1,S,24,B9,,BURNED,611,2023
606100176,85,73,CESA,47201,2,S,26,I3,,BURNED,606,2023
639100177,22,73,SYMO,47603,1,S,245,C2,,BURNED,639,2023
666100178,10,26,BENE,47604,1,S,45,B8,,BURNED,666,2023
623100179,85,82,TSHE,47609,1,S,46,I2,,BURNED,623,2023
650100180,95,88,BENE,47612,1,S,30,J2,Tag changed from 49612,BURNED,650,2023
675100181,94,36,BENE,47613,1,S,23,J7,,BURNED,675,2023
619100182,76,97,BENE,47618,1,S,33,H1,,BURNED,619,2023
666100183,91,3,BENE,47619,1,S,35,J10,,BURNED,666,2023
606100184,71,49,BENE,47621,1,S,79,H6,,BURNED,606,2023
623100185,41,49,BENE,47622,1,S,67,E6,,BURNED,623,2023
609100186,35,89,PSME,47624,6,S,,D2,,BURNED,609,2023
609100187,8,48,CESA,47632,6,S,,A6,,BURNED,609,2023
675100188,79,87,BENE,47633,1,S,44,H2,,BURNED,675,2023
669100189,58,3,PSME,47643,6,S,,F10,,BURNED,669,2023
623100190,24,46,PSME,47646,1,S,125,C6,,BURNED,623,2023
646100191,12,100,ARME,47649,1,S,203,B1,,BURNED,646,2023
674100192,74,82,BENE,47650,1,S,17,H2,,BURNED,674,2023
644100193,50,60,TSHE,47654,1,S,87,F4,,BURNED,644,2023
606100194,82,67,CEVE,47656,6,S,,I4,,BURNED,606,2023
607100195,11,20,BENE,47659,1,S,64,B8,,BURNED,607,2023
606100196,79,77,CESA,47661,1,S,28,I3,,BURNED,606,2023
606100197,79,35,CEVE,47662,6,S,,H7,,BURNED,606,2023
667100198,92,62,PSME,47673,1,S,116,J4,,BURNED,667,2023
640100199,62,71,BENE,47676,1,S,67,G3,,BURNED,640,2023
639100200,30,77,SYMO,47680,1,S,241,D3,,BURNED,639,2023
658100201,81,89,PSME,47683,6,S,,I1,,BURNED,658,2023
654100202,89,12,BENE,47685,1,S,60,I9,,BURNED,654,2023
622100203,89,78,BENE,47693,1,S,34,I3,,BURNED,622,2023
635100204,71,59,PSME,47694,7,S,,H5,,BURNED,635,2023
622100205,71,55,BENE,47699,1,S,54,H5,,BURNED,622,2023
622100206,55,7,CESA,47723,1,S,111,F10,,BURNED,622,2023
622100207,27,59,CEVE,47730,6,S,,C5,,BURNED,622,2023
635100208,8,1,CESA,47744,1,S,370,A10,,BURNED,635,2023
622100209,37,58,CEVE,47747,1,S,149,D5,,BURNED,622,2023
622100210,31,54,CEVE,47766,1,S,123,D5,,BURNED,622,2023
622100211,37,8,CEVE,47767,1,S,144,D10,,BURNED,622,2023
622100212,21,40,CEVE,47771,6,S,,C6,,BURNED,622,2023
622100213,19,28,CEVE,47777,1,S,117,B8,,BURNED,622,2023
623100214,18,98,CEVE,47778,1,S,393,B1,,BURNED,623,2023
622100215,26,59,CEVE,47780,6,S,,C5,,BURNED,622,2023
622100216,20,44,CEVE,47784,1,S,105,C6,,BURNED,622,2023
622100217,22,39,CEVE,47787,6,S,,C7,,BURNED,622,2023
601100218,99,25,CEVE,47790,1,S,268,J8,,BURNED,601,2023
636100219,27,73,CESA,47799,1,S,305,C3,,BURNED,636,2023
607100220,2,29,BENE,47901,1,S,35,A8,,BURNED,607,2023
605100221,34,15,BENE,47903,1,S,33,D9,,BURNED,605,2023
622100222,29,10,CEVE,47904,1,S,75,C9,,BURNED,622,2023
623100223,5,32,BENE,47906,1,S,9,A7,Leader dieback,BURNED,623,2023
635100224,62,61,BENE,47908,6,S,,G4,,BURNED,635,2023
606100225,74,50,CESA,47909,1,S,34,I6,,BURNED,606,2023
609100226,5,40,CESA,47910,1,S,56,A6,Tag replaced,BURNED,609,2023
667100227,67,12,BENE,47911,1,S,92,G9,,BURNED,667,2023
654100228,82,10,BENE,47912,1,S,55,I9,,BURNED,654,2023
615100229,81,95,TSHE,47914,6,S,,I1,,BURNED,615,2023
609100230,50,57,BENE,47916,1,S,28,F5,,BURNED,609,2023
667100231,10,37,CESA,47917,1,S,198,A7,Sp conf CESA 2023,BURNED,667,2023
609100232,60,30,CESA,47918,1,S,17,G7,,BURNED,609,2023
652100233,66,44,CESA,47919,1,S,261,G6,,BURNED,652,2023
622100234,30,21,CEVE,47920,6,S,,D8,,BURNED,622,2023
635100235,39,35,CEVE,47921,9,S,,I9,,BURNED,635,2023
606100236,82,58,CESA,47923,2,S,24,I4,,BURNED,606,2023
658100237,54,66,BENE,47927,1,S,49,F4,,BURNED,658,2023
643100238,79,100,BENE,47930,1,S,63,H1,,BURNED,643,2023
667100239,54,67,CESA,47932,1,S,135,E5,Sp conf CESA 2023,BURNED,667,2023
640100240,72,64,BENE,47933,1,S,20,H4,Tag replaced,BURNED,640,2023
609100241,54,48,CESA,47935,1,S,43,F6,,BURNED,609,2023
636100242,38,43,VAPA,47937,1,S,205,D6,,BURNED,636,2023
672100243,31,11,BENE,47939,1,S,54,D9,,BURNED,672,2023
609100244,74,19,BENE,47940,1,S,24,H9,,BURNED,609,2023
606100245,79,69,CESA,47945,1,S,30,H3,,BURNED,606,2023
606100246,46,100,CESA,47948,1,S,55,E1,,BURNED,606,2023
623100247,42,18,BENE,47949,1,S,49,F9,,BURNED,623,2023
663100248,56,70,BENE,47951,1,S,62,F4,Stressed ,BURNED,663,2023
619100249,21,80,ACMA,47956,2,S,72,B2,,BURNED,619,2023
636100250,40,46,VAPA,47959,1,S,31,E6,Multi herbivory,BURNED,636,2023
609100251,8,66,CESA,47961,1,S,61,A4,,BURNED,609,2023
606100252,32,100,BENE,47963,1,S,31,D1,,BURNED,606,2023
639100253,44,21,SYMO,47965,6,S,,E8,,BURNED,639,2023
673100254,73,76,BENE,47965,1,S,42,H3,Previous tag 10309 missing and replaced with new tag,BURNED,673,2023
606100255,68,33,CEVE,47966,6,S,,G7,,BURNED,606,2023
623100256,52,56,BENE,47967,1,S,55,F5,,BURNED,623,2023
636100257,33,39,VAPA,47971,1,S,96,D7,Multi,BURNED,636,2023
644100258,32,10,PSME,47978,9,S,,D9,,BURNED,644,2023
622100259,19,36,CEVE,47982,6,S,,B7,,BURNED,622,2023
646100260,8,99,ARME,47983,1,S,318,A1,,BURNED,646,2023
606100261,80,33,CESA,47984,1,S,33,I7,,BURNED,606,2023
609100262,77,91,PSME,47985,2,S,44,H1,,BURNED,609,2023
605100263,12,26,PSME,47985,6,S,,B8,,BURNED,605,2023
623100264,18,91,BENE,47986,1,S,14,B1,,BURNED,623,2023
640100265,92,79,BENE,47987,1,S,74,J3,Tag corrected,BURNED,640,2023
622100266,60,61,BENE,47989,1,S,45,G4,,BURNED,622,2023
606100267,84,72,CEVE,47990,6,S,,I3,,BURNED,606,2023
606100268,83,72,CESA,47992,1,S,18,I3,Leader die back,BURNED,606,2023
644100269,81,30,BENE,47994,1,S,63,I7,,BURNED,644,2023
606100270,78,64,CEVE,47995,6,S,,H4,,BURNED,606,2023
639100271,42,63,SYMO,47997,1,S,170,E4,,BURNED,639,2023
671100272,81,67,BENE,48014,1,S,29,I4,,BURNED,671,2023
663100273,35,53,BENE,48103,1,S,109,D5,,BURNED,663,2023
663100274,36,86,BENE,48104,1,S,48,D2,,BURNED,663,2023
663100275,78,30,PSME,48109,1,S,197,H7,,BURNED,663,2023
663100276,9,16,BENE,48113,1,S,98,A9,Stressed ,BURNED,663,2023
667100277,65,68,PSME,48139,1,S,207,G4,,BURNED,667,2023
667100278,14,87,CESA,48162,1,S,276,B2,Sp conf CESA 2023,BURNED,667,2023
609100279,70,76,CESA,48408,1,S,23,H3,Herbivory,BURNED,609,2023
622100280,18,42,CEVE,48413,1,S,46,B6,ODD,BURNED,622,2023
607100281,1,45,CESA,48414,1,S,27,A6,,BURNED,607,2023
671100282,39,69,BENE,48441,9,S,,D4,,BURNED,671,2023
607100283,22,40,CESA,48444,1,S,67,C6,,BURNED,607,2023
674100284,77,77,BENE,48448,1,S,65,H3,,BURNED,674,2023
606100285,85,72,CESA,48456,1,S,15,I3,Leader die back,BURNED,606,2023
673100286,36,17,BENE,48461,1,S,59,D9,,BURNED,673,2023
622100287,14,43,CEVE,48462,6,S,,B6,,BURNED,622,2023
609100288,23,16,CEVE,48464,6,S,,C9,,BURNED,609,2023
619100289,91,85,PSME,48464,2,S,51,J2,,BURNED,619,2023
671100290,40,69,BENE,48466,1,S,50,E4,,BURNED,671,2023
671100291,35,90,BENE,48467,1,S,65,D1,,BURNED,671,2023
671100292,50,40,BENE,48470,1,S,96,E6,,BURNED,671,2023
609100293,41,42,CESA,48483,1,S,63,E6,,BURNED,609,2023
672100294,85,73,PSME,48484,1,S,121,I3,,BURNED,672,2023
609100295,29,26,CEVE,48486,9,S,,C8,,BURNED,609,2023
622100296,17,42,CEVE,48487,6,S,,B6,,BURNED,622,2023
672100297,72,36,PSME,48499,1,S,80,H7,,BURNED,672,2023
638100298,54,34,BENE,48502,6,S,,F7,,BURNED,638,2023
639100299,4,23,BENE,48503,1,S,30,A8,,BURNED,639,2023
639100300,1,83,BENE,48504,1,S,69,A2,,BURNED,639,2023
640100301,47,26,BENE,48506,1,S,105,E8,,BURNED,640,2023
640100302,94,90,BENE,48507,1,S,152,J1,,BURNED,640,2023
639100303,10,53,BENE,48511,1,S,101,B5,,BURNED,639,2023
639100304,16,51,BENE,48515,2,S,63,B5,Multi with 48590,BURNED,639,2023
640100305,43,0,BENE,48516,1,S,79,E10,,BURNED,640,2023
638100306,86,94,PSME,48520,1,S,130,I1,,BURNED,638,2023
640100307,8,25,BENE,48536,1,S,145,A8,,BURNED,640,2023
639100308,10,58,BENE,48538,1,S,51,B5,,BURNED,639,2023
671100309,37,16,BENE,48539,1,S,56,D9,,BURNED,671,2023
613100310,4,89,PSME,48551,7,S,0,B1,,BURNED,613,2023
648100311,39,20,BENE,48555,1,S,97,D8,,BURNED,648,2023
640100312,88,58,PSME,48558,1,S,91,I5,,BURNED,640,2023
639100313,1,42,BENE,48565,1,S,40,A6,,BURNED,639,2023
639100314,11,50,BENE,48567,1,S,67,B5,,BURNED,639,2023
601100315,0,1,TSHE,48575,6,S,,A10,,BURNED,601,2023
639100316,27,0,BENE,48579,1,S,56,C10,,BURNED,639,2023
642100317,31,10,PSME,48580,1,S,109,D9,,BURNED,642,2023
639100318,3,82,BENE,48581,1,S,84,A2,,BURNED,639,2023
638100319,6,73,BENE,48584,1,S,40,A3,,BURNED,638,2023
611100320,9,18,TSHE,48586,1,S,36,A9,Tag updated from 48686,BURNED,611,2023
640100321,93,4,BENE,48587,1,S,114,J10,,BURNED,640,2023
640100322,77,61,BENE,48589,1,S,105,H4,,BURNED,640,2023
639100323,17,51,BENE,48590,1,S,90,B5,,BURNED,639,2023
601100324,78,5,PSME,48593,6,S,,H10,,BURNED,601,2023
639100325,53,69,BENE,48594,1,S,74,F4,,BURNED,639,2023
639100326,96,11,BENE,48598,1,S,62,J9,,BURNED,639,2023
643100327,5,69,PSME,48600,1,S,58,A4,,BURNED,643,2023
646100328,45,56,PSME,48704,1,S,104,E5,,BURNED,646,2023
658100329,68,90,BENE,48705,1,S,31,G1,,BURNED,658,2023
648100330,3,75,BENE,48706,1,S,60,A3,,BURNED,648,2023
650100331,9,0,BENE,48709,1,S,29,A10,,BURNED,650,2023
650100332,11,0,BENE,48711,1,S,49,B10,49,BURNED,650,2023
646100333,61,72,BENE,48712,1,S,55,G3,,BURNED,646,2023
646100334,60,51,BENE,48714,1,S,44,G5,,BURNED,646,2023
650100335,5,75,BENE,48715,1,S,46,A3,,BURNED,650,2023
646100336,12,73,BENE,48716,1,S,85,B3,,BURNED,646,2023
658100337,12,84,BENE,48717,1,S,64,B2,,BURNED,658,2023
645100338,78,70,PSME,48718,1,S,160,H3,,BURNED,645,2023
658100339,10,86,BENE,48719,1,S,74,B2,,BURNED,658,2023
654100340,40,57,BENE,48721,1,S,81,E5,,BURNED,654,2023
658100341,28,32,BENE,48722,1,S,36,C7,,BURNED,658,2023
657100342,14,62,PSME,48724,9,S,,B4,,BURNED,657,2023
650100343,92,39,BENE,48725,1,S,26,J7,,BURNED,650,2023
646100344,54,51,PSME,48729,1,S,115,F5,,BURNED,646,2023
661100345,14,90,PSME,48730,6,S,,B1,,BURNED,661,2023
654100346,11,72,BENE,48736,1,S,88,B3,,BURNED,654,2023
652100347,65,16,PSME,48738,1,S,106,G9,,BURNED,652,2023
654100348,95,80,PSME,48742,1,S,102,J2,New cell J3 under debris,BURNED,654,2023
648100349,60,40,BENE,48743,1,S,98,G6,,BURNED,648,2023
648100350,3,96,PSME,48744,9,S,,A1,,BURNED,648,2023
648100351,37,24,BENE,48746,1,S,121,D8,,BURNED,648,2023
648100352,5,63,BENE,48749,1,S,75,A4,,BURNED,648,2023
658100353,27,33,BENE,48750,1,S,44,C7,,BURNED,658,2023
654100354,9,83,BENE,48755,1,S,60,A2,,BURNED,654,2023
645100355,55,24,PSME,48757,1,S,66,F8,,BURNED,645,2023
658100356,55,46,BENE,48758,1,S,91,F6,,BURNED,658,2023
667100357,57,80,CESA,48759,1,S,173,F2,Sp conf CESA 2023,BURNED,667,2023
661100358,58,37,BENE,48760,1,S,40,F7,,BURNED,661,2023
658100359,99,73,BENE,48762,1,S,64,J3,,BURNED,658,2023
658100360,12,93,BENE,48763,1,S,82,B1,,BURNED,658,2023
648100361,8,71,BENE,48765,1,S,96,A3,,BURNED,648,2023
658100362,11,79,BENE,48767,1,S,77,B3,,BURNED,658,2023
667100363,82,88,PSME,48775,6,S,,I2,,BURNED,667,2023
650100364,5,41,BENE,48776,1,S,46,A6,,BURNED,650,2023
648100365,1,90,BENE,48777,1,S,118,A1,,BURNED,648,2023
650100366,37,20,BENE,48780,1,S,81,D8,,BURNED,650,2023
648100367,14,62,BENE,48781,1,S,118,B4,,BURNED,648,2023
648100368,88,17,PSME,48782,1,S,113,I9,Species updated from BENE,BURNED,648,2023
648100369,39,27,BENE,48783,1,S,80,D8,,BURNED,648,2023
658100370,69,88,BENE,48784,1,S,29,G2,,BURNED,658,2023
650100371,84,33,BENE,48786,1,S,82,I7,,BURNED,650,2023
650100372,9,80,BENE,48787,1,S,49,A2,,BURNED,650,2023
648100373,60,81,BENE,48788,1,S,134,G2,,BURNED,648,2023
654100374,85,94,PSME,48792,1,S,108,I1,,BURNED,654,2023
658100375,42,86,BENE,48793,1,S,49,E2,,BURNED,658,2023
658100376,33,30,BENE,48795,1,S,62,C7,,BURNED,658,2023
651100377,56,25,BENE,48797,1,S,25,F8,,BURNED,651,2023
650100378,0,51,BENE,48799,1,S,62,A5,,BURNED,650,2023
650100379,13,53,BENE,48800,1,S,47,B5,,BURNED,650,2023
606100380,26,97,PSME,48806,6,S,,C1,,BURNED,606,2023
624100381,38,44,BENE,48807,1,S,123,D6,,BURNED,624,2023
625100382,15,11,PSME,48808,9,S,,B9,,BURNED,625,2023
624100383,24,66,PSME,48816,1,S,86,C4,,BURNED,624,2023
619100384,47,4,PSME,48818,1,S,159,E10,,BURNED,619,2023
609100385,15,98,BENE,48822,1,S,62,B1,,BURNED,609,2023
625100386,12,95,PSME,48830,1,S,186,B1,,BURNED,625,2023
606100387,79,48,GASH,48841,1,S,82,H6,,BURNED,606,2023
606100388,67,41,ACMA,48842,1,S,60,G6,,BURNED,606,2023
609100389,84,5,BENE,48844,1,S,16,I10,,BURNED,609,2023
636100390,16,82,BENE,48845,1,S,74,B2,,BURNED,636,2023
619100391,11,37,PSME,48848,1,S,161,B7,,BURNED,619,2023
609100392,59,55,BENE,48849,1,S,27,F5,,BURNED,609,2023
606100393,95,23,BENE,48850,1,S,42,J8,,BURNED,606,2023
609100394,82,41,BENE,48860,1,S,48,I6,,BURNED,609,2023
624100395,13,22,PSME,48862,1,S,163,B8,,BURNED,624,2023
609100396,63,90,BENE,48872,1,S,67,G1,,BURNED,609,2023
636100397,44,63,PSME,48877,1,S,105,E4,,BURNED,636,2023
606100398,36,86,BENE,48879,1,S,30,D2,,BURNED,606,2023
605100399,66,68,PSME,48882,1,S,119,G4,,BURNED,605,2023
609100400,3,71,PSME,48885,1,S,91,A3,,BURNED,609,2023
606100401,96,30,BENE,48887,1,S,32,J7,,BURNED,606,2023
624100402,27,24,PSME,48889,1,S,151,C8,,BURNED,624,2023
619100403,18,57,PSME,48893,6,S,,B5,,BURNED,619,2023
606100404,59,58,BENE,48898,1,S,56,F5,,BURNED,606,2023
634100405,57,16,BENE,48902,1,S,42,F9,,BURNED,634,2023
644100406,45,1,BENE,48905,1,S,110,E10,,BURNED,644,2023
633100407,60,60,BENE,48908,1,S,135,G4,,BURNED,633,2023
634100408,40,70,BENE,48910,2,S,39,E3,,BURNED,634,2023
634100409,42,28,BENE,48911,1,S,42,E4,,BURNED,634,2023
623100410,94,37,BENE,48914,1,S,44,J7,,BURNED,623,2023
622100411,54,89,PSME,48916,1,S,133,F2,,BURNED,622,2023
644100412,92,17,BENE,48917,1,S,82,J9,,BURNED,644,2023
644100413,86,13,BENE,48918,1,S,79,I8,,BURNED,644,2023
622100414,29,6,BENE,48919,9,S,,C10,,BURNED,622,2023
634100415,15,28,BENE,48921,1,S,38,B8,UWD,BURNED,634,2023
622100416,65,88,BENE,48923,1,S,54,G2,,BURNED,622,2023
644100417,80,100,BENE,48926,1,S,100,I1,,BURNED,644,2023
643100418,88,12,PSME,48927,1,S,80,I9,,BURNED,643,2023
623100419,28,70,PSME,48928,1,S,173,C3,,BURNED,623,2023
622100420,98,64,BENE,48929,1,S,115,G4,,BURNED,622,2023
633100421,90,17,PSME,48930,1,S,141,J9,,BURNED,633,2023
623100422,62,35,BENE,48931,1,S,67,G7,,BURNED,623,2023
622100423,89,76,BENE,48937,1,S,84,I3,,BURNED,622,2023
622100424,61,8,PSME,48939,6,S,,G10,,BURNED,622,2023
616100425,41,12,ACMA,48940,1,S,130,E9,,BURNED,616,2023
644100426,21,92,PSME,48943,1,S,222,C1,,BURNED,644,2023
643100427,82,45,PSME,48944,1,S,135,I6,,BURNED,643,2023
623100428,96,43,BENE,48947,1,S,28,J6,,BURNED,623,2023
643100429,89,10,PSME,48948,1,S,120,I9,,BURNED,643,2023
623100430,64,27,BENE,48955,1,S,53,G8,,BURNED,623,2023
623100431,8,93,BENE,48956,2,S,41,A1,PREV tagged,BURNED,623,2023
644100432,5,22,BENE,48957,1,S,98,A8,,BURNED,644,2023
623100433,93,28,BENE,48965,1,S,40,J8,,BURNED,623,2023
614100434,84,58,BENE,48966,1,S,38,I5,,BURNED,614,2023
644100435,54,96,PSME,48969,1,S,231,F1,,BURNED,644,2023
623100436,88,41,BENE,48970,9,S,,I6,12387 double tag. Tag 48970 removed,BURNED,623,2023
611100437,46,79,PSME,48971,1,S,147,E3,,BURNED,611,2023
623100438,3,28,BENE,48973,1,S,56,A8,,BURNED,623,2023
633100439,45,43,BENE,48974,1,S,101,E6,,BURNED,633,2023
623100440,73,7,BENE,48975,1,S,68,H10,,BURNED,623,2023
644100441,36,1,BENE,48978,1,S,121,D10,,BURNED,644,2023
634100442,83,76,BENE,48980,1,S,53,I3,,BURNED,634,2023
623100443,96,24,BENE,48982,1,S,52,J8,,BURNED,623,2023
644100444,86,22,BENE,48984,1,S,137,I8,,BURNED,644,2023
623100445,41,36,PSME,48986,1,S,170,E7,,BURNED,623,2023
644100446,70,50,BENE,48988,1,S,127,H5,,BURNED,644,2023
634100447,63,83,BENE,48993,1,S,42,G2,,BURNED,634,2023
622100448,33,0,BENE,48995,1,S,61,D10,,BURNED,622,2023
623100449,70,44,BENE,48996,1,S,53,H6,,BURNED,623,2023
623100450,75,45,BENE,48997,1,S,36,H6,,BURNED,623,2023
644100451,83,95,BENE,48999,1,S,155,I1,,BURNED,644,2023
615100452,60,58,BENE,BENE2301,2,S,20,G5,,BURNED,615,2023
651100453,64,21,BENE,BENE2301,2,S,20,G8,TS,BURNED,651,2023
623100454,14,78,BENE,BENE2301,2,S,18,B3,,BURNED,623,2023
651100455,59,18,BENE,BENE2302,2,S,13,F9,TS,BURNED,651,2023
633100456,60,20,PSME,PSME2301,2,S,42,E9,,BURNED,633,2023
645100457,85,5,PSME,PSME2301,2,S,47,I10,Ts,BURNED,645,2023
612100458,98,32,PSME,PSME2301,2,S,40,J7,TS,BURNED,612,2023
643100459,5,38,PSME,PSME2301,2,S,40,A7,TS,BURNED,643,2023
624100460,48,65,PSME,PSME2301,2,S,26,E4,Ts,BURNED,624,2023
623100461,16,77,PSME,PSME2301,2,S,41,B3,Ts,BURNED,623,2023
672100462,20,81,PSME,PSME2301 ,2,S,29,C2,,BURNED,672,2023
615100463,66,18,THPL,THPL2301,2,S,14,G9,TS,BURNED,615,2023
614100464,87,66,THPL,THPL2301,2,S,7,I4,TS,BURNED,614,2023
614100465,26,6,THPL,THPL2302,2,S,11,C10,,BURNED,614,2023
615100466,46,71,THPL,THPL2302,2,S,10,E3,TS,BURNED,615,2023
614100467,15,83,THPL,THPL2303,2,S,17,B2,,BURNED,614,2023
648100468,85,81,TODI,TODI1,1,S,5,I2,Cell cover,BURNED,648,2023
616100469,35,16,TSHE,TSHE2301,2,S,15,D4,TS,BURNED,616,2023
610100470,85,75,TSHE,TSHE2301,2,S,9,I3,,BURNED,610,2023
615100471,63,89,TSHE,TSHE2301,2,S,9,G2,,BURNED,615,2023
618100472,12,4,TSHE,TSHE2301,2,S,21,B10,,BURNED,618,2023
614100473,48,5,TSHE,TSHE2301,2,S,13,E10,,BURNED,614,2023
601100474,80,35,TSHE,TSHE2301,2,S,32,I7,,BURNED,601,2023
610100475,28,30,TSHE,TSHE2302,2,S,21,C7,TS,BURNED,610,2023
614100476,55,25,TSHE,TSHE2302,2,S,8,F8,,BURNED,614,2023
618100477,11,20,TSHE,TSHE2302,2,S,13,B9,,BURNED,618,2023
616100478,42,65,TSHE,TSHE2302,2,S,15,E4,TS,BURNED,616,2023
615100479,83,43,TSHE,TSHE2302,2,S,6,I6,,BURNED,615,2023
615100480,79,27,TSHE,TSHE2303,2,S,11,H8,,BURNED,615,2023
618100481,15,23,TSHE,TSHE2303,2,S,13,B8,,BURNED,618,2023
614100482,21,88,TSHE,TSHE2303,2,S,16,C2,,BURNED,614,2023
615100483,76,23,TSHE,TSHE2304,2,S,12,H8,,BURNED,615,2023
618100484,5,30,TSHE,TSHE2304,2,S,21,A7,,BURNED,618,2023
614100485,25,83,TSHE,TSHE2304,2,S,18,C2,,BURNED,614,2023
614100486,31,76,TSHE,TSHE2305,2,S,14,D3,,BURNED,614,2023
615100487,83,15,TSHE,TSHE2305,2,S,18,I9,TS,BURNED,615,2023
618100488,8,33,TSHE,TSHE2305,2,S,20,A7,,BURNED,618,2023
614100489,30,72,TSHE,TSHE2306,2,S,10,D3,,BURNED,614,2023
615100490,66,38,TSHE,TSHE2306,2,S,16,G7,TS,BURNED,615,2023
618100491,8,91,TSHE,TSHE2306,2,S,15,A1,,BURNED,618,2023
618100492,6,63,TSHE,TSHE2307,2,S,11,A4,,BURNED,618,2023
615100493,70,20,TSHE,TSHE2307,2,S,13,H8,TS,BURNED,615,2023
614100494,32,71,TSHE,TSHE2307,2,S,20,D3,,BURNED,614,2023
614100495,48,68,TSHE,TSHE2308,2,S,17,E4,,BURNED,614,2023
615100496,72,22,TSHE,TSHE2308,2,S,10,H8,TS,BURNED,615,2023
615100497,68,31,TSHE,TSHE2309,2,S,6,F7,TS,BURNED,615,2023
618100498,19,91,TSHE,TSHE2309,2,S,10,B1,,BURNED,618,2023
618100499,53,41,TSHE,TSHE2310,2,S,18,F6,TS,BURNED,618,2023
615100500,57,10,TSHE,TSHE2310,2,S,11,F9,TS,BURNED,615,2023
615100501,11,72,TSHE,TSHE2311,2,S,7,B3,,BURNED,615,2023
618100502,56,44,TSHE,TSHE2311,2,S,11,F6,TS,BURNED,618,2023
618100503,56,50,TSHE,TSHE2312,2,S,13,F5,TS,BURNED,618,2023
615100504,51,22,TSHE,TSHE2312,2,S,20,F8,TS,BURNED,615,2023
615100505,49,88,TSHE,TSHE2313,2,S,8,E2,TS,BURNED,615,2023
618100506,60,60,TSHE,TSHE2313,2,S,18,G4,TS,BURNED,618,2023
615100507,54,98,TSHE,TSHE2314,2,S,10,F1,,BURNED,615,2023
618100508,63,85,TSHE,TSHE2314,2,S,15,G2,TS,BURNED,618,2023
618100509,63,43,TSHE,TSHE2315,2,S,15,G6,TS,BURNED,618,2023
618100510,65,40,TSHE,TSHE2316,2,S,14,G6,TS,BURNED,618,2023
618100511,68,41,TSHE,TSHE2317,2,S,18,G6,TS,BURNED,618,2023
618100512,72,99,TSHE,TSHE2318,2,S,18,H1,TS,BURNED,618,2023